file,material,condition,angle_deg,wavelength,norm_path,mask_path,mean_defect,mean_bg,std_bg,CNR,SNR,sharpness_varLapl,entropy,glare_ratio,defect_area_pct
C:\Users\engsa\Desktop\said_AI_proc\metal\defected\0deg\blue\metal_defected_0deg_blue.bmp,metal,defected,0,blue,C:\Users\engsa\Desktop\said_AI_proc\metal\defected\0deg\blue\metal_defected_0deg_blue_norm.png,C:\Users\engsa\Desktop\said_AI_proc\metal\defected\0deg\blue\metal_defected_0deg_blue_mask.png,121.35054649833292,17.779911738306573,7.82770979676689,13.231281875422173,2.1068880697541257,56698.8515625,7.364586835683109,0.0006985134548611111,4.989284939236112
C:\Users\engsa\Desktop\said_AI_proc\metal\defected\0deg\green\metal_defected_0deg_green.bmp,metal,defected,0,green,C:\Users\engsa\Desktop\said_AI_proc\metal\defected\0deg\green\metal_defected_0deg_green_norm.png,C:\Users\engsa\Desktop\said_AI_proc\metal\defected\0deg\green\metal_defected_0deg_green_mask.png,91.9547727243959,24.469198164954623,8.51968099647891,7.921138665559464,2.307887359618162,33776.5546875,6.943212231715048,0.0013046763301674837,3.151528352226307
C:\Users\engsa\Desktop\said_AI_proc\metal\defected\0deg\white\metal_defected_0deg_white.bmp,metal,defected,0,white,C:\Users\engsa\Desktop\said_AI_proc\metal\defected\0deg\white\metal_defected_0deg_white_norm.png,C:\Users\engsa\Desktop\said_AI_proc\metal\defected\0deg\white\metal_defected_0deg_white_mask.png,111.11700752617801,35.401745287723145,10.54892834579824,7.177531191461086,2.709128632485037,21941.32421875,7.0852905777646304,0.003914228451797386,2.4382148692810457
C:\Users\engsa\Desktop\said_AI_proc\metal\defected\0deg\red\metal_defected_0deg_red.bmp,metal,defected,0,red,C:\Users\engsa\Desktop\said_AI_proc\metal\defected\0deg\red\metal_defected_0deg_red_norm.png,C:\Users\engsa\Desktop\said_AI_proc\metal\defected\0deg\red\metal_defected_0deg_red_mask.png,91.46901275637164,10.534524284432033,6.068740799817223,13.336290202800747,1.7307252708536398,55918.0703125,7.194424773606984,3.9692797691993465e-05,1.5229667713439543
C:\Users\engsa\Desktop\said_AI_proc\metal\undefected\0deg\blue\metal_undefected_0deg_blue.bmp,metal,undefected,0,blue,C:\Users\engsa\Desktop\said_AI_proc\metal\undefected\0deg\blue\metal_undefected_0deg_blue_norm.png,C:\Users\engsa\Desktop\said_AI_proc\metal\undefected\0deg\blue\metal_undefected_0deg_blue_mask.png,107.86390837260237,22.48991722349656,10.067204271204915,8.480407156662139,2.151624119131656,53891.53125,7.315433897763985,0.0010254305172589869,6.429614896088644
C:\Users\engsa\Desktop\said_AI_proc\metal\undefected\0deg\green\metal_undefected_0deg_green.bmp,metal,undefected,0,green,C:\Users\engsa\Desktop\said_AI_proc\metal\undefected\0deg\green\metal_undefected_0deg_green_norm.png,C:\Users\engsa\Desktop\said_AI_proc\metal\undefected\0deg\green\metal_undefected_0deg_green_mask.png,89.54551245063583,24.01589458462152,8.290633615384733,7.904054250378709,2.2728479790787555,36108.328125,6.954545924301117,0.0018683539496527778,2.6617511425142975
C:\Users\engsa\Desktop\said_AI_proc\metal\undefected\0deg\white\metal_undefected_0deg_white.bmp,metal,undefected,0,white,C:\Users\engsa\Desktop\said_AI_proc\metal\undefected\0deg\white\metal_undefected_0deg_white_norm.png,C:\Users\engsa\Desktop\said_AI_proc\metal\undefected\0deg\white\metal_undefected_0deg_white_mask.png,106.38566464354226,36.2164979555201,10.523051891233157,6.668138427263737,2.7684657100776167,20875.974609375,7.033899699983395,0.00418649311938317,2.537067887050654
C:\Users\engsa\Desktop\said_AI_proc\metal\undefected\0deg\red\metal_undefected_0deg_red.bmp,metal,undefected,0,red,C:\Users\engsa\Desktop\said_AI_proc\metal\undefected\0deg\red\metal_undefected_0deg_red_norm.png,C:\Users\engsa\Desktop\said_AI_proc\metal\undefected\0deg\red\metal_undefected_0deg_red_mask.png,138.31311344060893,9.964234068016356,5.81282630741087,22.080288070702956,1.7792419440500913,54426.92578125,7.196056495386364,7.080875970179739e-05,0.5974663628472222
C:\Users\engsa\Desktop\said_AI_proc\plastic\defected\0deg\red\plastic_defected_0deg_red.bmp,plastic,defected,0,red,C:\Users\engsa\Desktop\said_AI_proc\plastic\defected\0deg\red\plastic_defected_0deg_red_norm.png,C:\Users\engsa\Desktop\said_AI_proc\plastic\defected\0deg\red\plastic_defected_0deg_red_mask.png,120.01189730745148,26.82915378478109,13.0173950279631,7.158324943085881,2.7829875355792058,36469.94140625,7.289700748614135,0.0,0.12741587520424838
C:\Users\engsa\Desktop\said_AI_proc\plastic\defected\0deg\green\plastic_defected_0deg_green.bmp,plastic,defected,0,green,C:\Users\engsa\Desktop\said_AI_proc\plastic\defected\0deg\green\plastic_defected_0deg_green_norm.png,C:\Users\engsa\Desktop\said_AI_proc\plastic\defected\0deg\green\plastic_defected_0deg_green_mask.png,103.48387096774194,36.26516405704598,14.123737546497747,4.759271877532455,2.6460256028317874,56442.4765625,7.40909266136801,0.0,0.012366600285947712
C:\Users\engsa\Desktop\said_AI_proc\plastic\defected\0deg\white\plastic_defected_0deg_white.bmp,plastic,defected,0,white,C:\Users\engsa\Desktop\said_AI_proc\plastic\defected\0deg\white\plastic_defected_0deg_white_norm.png,C:\Users\engsa\Desktop\said_AI_proc\plastic\defected\0deg\white\plastic_defected_0deg_white_mask.png,160.26797574357494,50.002131744290416,20.638923711740716,5.342615997778915,3.7469004042504137,9547.3955078125,7.11905626923203,0.0,0.06907344643586602
C:\Users\engsa\Desktop\said_AI_proc\plastic\defected\0deg\red\plastic_defected_0deg_red.bmp,plastic,defected,0,red,C:\Users\engsa\Desktop\said_AI_proc\plastic\defected\0deg\red\plastic_defected_0deg_red_norm.png,C:\Users\engsa\Desktop\said_AI_proc\plastic\defected\0deg\red\plastic_defected_0deg_red_mask.png,120.01189730745148,26.82915378478109,13.0173950279631,7.158324943085881,2.7829875355792058,36469.94140625,7.289700748614135,0.0,0.12741587520424838
C:\Users\engsa\Desktop\said_AI_proc\plastic\undefected\0deg\blue\plastic_undefected_0deg_blue.bmp,plastic,undefected,0,blue,C:\Users\engsa\Desktop\said_AI_proc\plastic\undefected\0deg\blue\plastic_undefected_0deg_blue_norm.png,C:\Users\engsa\Desktop\said_AI_proc\plastic\undefected\0deg\blue\plastic_undefected_0deg_blue_mask.png,124.23530961791832,40.11025730527575,19.500033767864508,4.314097776142225,3.16938436704645,35373.76953125,7.178596046049718,0.0,1.4382156671262254
C:\Users\engsa\Desktop\said_AI_proc\plastic\undefected\0deg\green\plastic_undefected_0deg_green.bmp,plastic,undefected,0,green,C:\Users\engsa\Desktop\said_AI_proc\plastic\undefected\0deg\green\plastic_undefected_0deg_green_norm.png,C:\Users\engsa\Desktop\said_AI_proc\plastic\undefected\0deg\green\plastic_undefected_0deg_green_mask.png,78.38495222929936,37.52164655430338,14.511005585319596,2.816021635077883,2.6703112730948284,57094.80859375,7.355445009612294,0.0,0.050104677287581695
C:\Users\engsa\Desktop\said_AI_proc\plastic\undefected\0deg\white\plastic_undefected_0deg_white.bmp,plastic,undefected,0,white,C:\Users\engsa\Desktop\said_AI_proc\plastic\undefected\0deg\white\plastic_undefected_0deg_white_norm.png,C:\Users\engsa\Desktop\said_AI_proc\plastic\undefected\0deg\white\plastic_undefected_0deg_white_mask.png,153.32286485718345,51.62905405405405,22.501941010495578,4.519335054504692,3.7715268577473426,9730.634765625,7.094440126609583,0.0,0.14036091324550654
C:\Users\engsa\Desktop\said_AI_proc\plastic\undefected\0deg\red\plastic_undefected_0deg_red.bmp,plastic,undefected,0,red,C:\Users\engsa\Desktop\said_AI_proc\plastic\undefected\0deg\red\plastic_undefected_0deg_red_norm.png,C:\Users\engsa\Desktop\said_AI_proc\plastic\undefected\0deg\red\plastic_undefected_0deg_red_mask.png,112.73273273273273,26.422965493168444,13.182438984446078,6.547329165824392,2.8029645537255843,37605.08984375,7.246319983018438,0.0,0.03321030560661765
C:\Users\engsa\Desktop\said_AI_proc\transparent\defected\0deg\blue\transparent_defected_0deg_blue.bmp,transparent,defected,0,blue,C:\Users\engsa\Desktop\said_AI_proc\transparent\defected\0deg\blue\transparent_defected_0deg_blue_norm.png,C:\Users\engsa\Desktop\said_AI_proc\transparent\defected\0deg\blue\transparent_defected_0deg_blue_mask.png,118.3190716106076,26.20572205046375,11.104474387421451,8.295156199782394,2.1645629376824984,50953.23046875,7.410514919567793,0.0006013758042279412,5.768201242085376
C:\Users\engsa\Desktop\said_AI_proc\transparent\defected\0deg\green\transparent_defected_0deg_green.bmp,transparent,defected,0,green,C:\Users\engsa\Desktop\said_AI_proc\transparent\defected\0deg\green\transparent_defected_0deg_green_norm.png,C:\Users\engsa\Desktop\said_AI_proc\transparent\defected\0deg\green\transparent_defected_0deg_green_mask.png,98.2802742675809,25.90371995611848,8.46393478272057,8.551171076982042,2.1669085518152666,33424.44921875,7.062018339859662,0.0007753060534109477,3.167904124540441
C:\Users\engsa\Desktop\said_AI_proc\transparent\defected\0deg\white\transparent_defected_0deg_white.bmp,transparent,defected,0,white,C:\Users\engsa\Desktop\said_AI_proc\transparent\defected\0deg\white\transparent_defected_0deg_white_norm.png,C:\Users\engsa\Desktop\said_AI_proc\transparent\defected\0deg\white\transparent_defected_0deg_white_mask.png,212.83748782461964,35.56799391642565,8.889432766184841,19.94159791415739,2.4904300728804465,19524.982421875,7.241394010829626,0.002144009459252451,1.4539332171670751
C:\Users\engsa\Desktop\said_AI_proc\transparent\defected\0deg\red\transparent_defected_0deg_red.bmp,transparent,defected,0,red,C:\Users\engsa\Desktop\said_AI_proc\transparent\defected\0deg\red\transparent_defected_0deg_red_norm.png,C:\Users\engsa\Desktop\said_AI_proc\transparent\defected\0deg\red\transparent_defected_0deg_red_mask.png,87.43930827752376,16.406891393238258,7.16387676670848,9.915359964646923,1.7671784495216862,52215.328125,7.31519156961392,0.0002249923406862745,4.205362157883987
C:\Users\engsa\Desktop\said_AI_proc\transparent\undefected\0deg\blue\transparent_undefected_0deg_blue.bmp,transparent,undefected,0,blue,C:\Users\engsa\Desktop\said_AI_proc\transparent\undefected\0deg\blue\transparent_undefected_0deg_blue_norm.png,C:\Users\engsa\Desktop\said_AI_proc\transparent\undefected\0deg\blue\transparent_undefected_0deg_blue_mask.png,98.47848984589679,24.793041288520993,10.769880272253646,6.841807586961854,2.11771759350498,51663.2109375,7.441544170089995,0.0005688636131535948,4.870585522620507
C:\Users\engsa\Desktop\said_AI_proc\transparent\undefected\0deg\green\transparent_undefected_0deg_green.bmp,transparent,undefected,0,green,C:\Users\engsa\Desktop\said_AI_proc\transparent\undefected\0deg\green\transparent_undefected_0deg_green_norm.png,C:\Users\engsa\Desktop\said_AI_proc\transparent\undefected\0deg\green\transparent_undefected_0deg_green_mask.png,80.0768251697496,26.41277550613344,8.717541134545835,6.155869967846379,2.1452023781860876,35721.88671875,7.097772207318435,0.0007011064516952614,3.7924174389808005
C:\Users\engsa\Desktop\said_AI_proc\transparent\undefected\0deg\white\transparent_undefected_0deg_white.bmp,transparent,undefected,0,white,C:\Users\engsa\Desktop\said_AI_proc\transparent\undefected\0deg\white\transparent_undefected_0deg_white_norm.png,C:\Users\engsa\Desktop\said_AI_proc\transparent\undefected\0deg\white\transparent_undefected_0deg_white_mask.png,214.93241397349453,34.64974817991423,8.784744801932536,20.522242803674878,2.448059466212238,20351.5546875,7.272280209722442,0.002283632365706699,1.372612847222222
C:\Users\engsa\Desktop\said_AI_proc\transparent\undefected\0deg\red\transparent_undefected_0deg_red.bmp,transparent,undefected,0,red,C:\Users\engsa\Desktop\said_AI_proc\transparent\undefected\0deg\red\transparent_undefected_0deg_red_norm.png,C:\Users\engsa\Desktop\said_AI_proc\transparent\undefected\0deg\red\transparent_undefected_0deg_red_mask.png,72.21591808661121,16.40554752169143,7.09720190636292,7.863714644342243,1.7858085448141092,52778.52734375,7.324114549017305,0.00016315933925653594,3.073977800755719
C:\Users\engsa\Desktop\said_AI_proc\metal\defected\45deg\blue\metal_defected_45deg_blue.bmp,metal,defected,45,blue,C:\Users\engsa\Desktop\said_AI_proc\metal\defected\45deg\blue\metal_defected_45deg_blue_norm.png,C:\Users\engsa\Desktop\said_AI_proc\metal\defected\45deg\blue\metal_defected_45deg_blue_mask.png,84.47971295641739,11.774698314550713,5.622451848731443,12.931193827523952,1.803178414013095,62275.0078125,7.211763268554187,1.9946129493464053e-06,7.279579312193627
C:\Users\engsa\Desktop\said_AI_proc\metal\defected\45deg\green\metal_defected_45deg_green.bmp,metal,defected,45,green,C:\Users\engsa\Desktop\said_AI_proc\metal\defected\45deg\green\metal_defected_45deg_green_norm.png,C:\Users\engsa\Desktop\said_AI_proc\metal\defected\45deg\green\metal_defected_45deg_green_mask.png,74.1949116685778,16.077069412586017,7.2691788513766085,7.995104184977601,2.104873995693605,37934.9296875,6.84112974829835,2.1940742442810456e-06,3.252794851664624
C:\Users\engsa\Desktop\said_AI_proc\metal\defected\45deg\white\metal_defected_45deg_white.bmp,metal,defected,45,white,C:\Users\engsa\Desktop\said_AI_proc\metal\defected\45deg\white\metal_defected_45deg_white_norm.png,C:\Users\engsa\Desktop\said_AI_proc\metal\defected\45deg\white\metal_defected_45deg_white_mask.png,101.72214294904035,20.95764186695921,9.660898222584336,8.35993705981474,2.464141893501432,27976.865234375,6.949021271487293,4.4479868770424834e-05,3.410748251123366
C:\Users\engsa\Desktop\said_AI_proc\metal\defected\45deg\red\metal_defected_45deg_red.bmp,metal,defected,45,red,C:\Users\engsa\Desktop\said_AI_proc\metal\defected\45deg\red\metal_defected_45deg_red_norm.png,C:\Users\engsa\Desktop\said_AI_proc\metal\defected\45deg\red\metal_defected_45deg_red_mask.png,46.42774600504626,3.07041737309265,0.37952154944328637,114.24207319862002,1.3733373699033067,38210.01171875,6.335911246489539,0.0,2.371594796772876
C:\Users\engsa\Desktop\said_AI_proc\metal\undefected\45deg\blue\metal_undefected_45deg_blue.bmp,metal,undefected,45,blue,C:\Users\engsa\Desktop\said_AI_proc\metal\undefected\45deg\blue\metal_undefected_45deg_blue_norm.png,C:\Users\engsa\Desktop\said_AI_proc\metal\undefected\45deg\blue\metal_undefected_45deg_blue_mask.png,88.43222147017607,12.41936521392241,6.023004126964583,12.620422409466604,1.7692091187350134,61035.9921875,7.222109524792985,2.1940742442810456e-06,10.461645188674428
C:\Users\engsa\Desktop\said_AI_proc\metal\undefected\45deg\green\metal_undefected_45deg_green.bmp,metal,undefected,45,green,C:\Users\engsa\Desktop\said_AI_proc\metal\undefected\45deg\green\metal_undefected_45deg_green_norm.png,C:\Users\engsa\Desktop\said_AI_proc\metal\undefected\45deg\green\metal_undefected_45deg_green_mask.png,82.3025784106215,16.79571157873741,7.342654438922148,8.921414915652774,2.1042880458655,38061.12109375,6.8802449334793865,2.991919424019608e-06,3.3171211192810452
C:\Users\engsa\Desktop\said_AI_proc\metal\undefected\45deg\white\metal_undefected_45deg_white.bmp,metal,undefected,45,white,C:\Users\engsa\Desktop\said_AI_proc\metal\undefected\45deg\white\metal_undefected_45deg_white_norm.png,C:\Users\engsa\Desktop\said_AI_proc\metal\undefected\45deg\white\metal_undefected_45deg_white_mask.png,107.80816513983225,21.51171586715867,10.014174275222663,8.617430344326097,2.4048613125940417,27370.171875,6.97901384630447,3.350949754901961e-05,4.125956616370507
C:\Users\engsa\Desktop\said_AI_proc\metal\undefected\45deg\red\metal_undefected_45deg_red.bmp,metal,undefected,45,red,C:\Users\engsa\Desktop\said_AI_proc\metal\undefected\45deg\red\metal_undefected_45deg_red_norm.png,C:\Users\engsa\Desktop\said_AI_proc\metal\undefected\45deg\red\metal_undefected_45deg_red_mask.png,67.99897071720912,3.744287922608956,1.3462388031126669,47.72903785423178,1.4476247098136028,36122.91796875,6.4860840065658305,0.0,3.2749948937908493
C:\Users\engsa\Desktop\said_AI_proc\plastic\defected\45deg\blue\plastic_defected_45deg_blue.bmp,plastic,defected,45,blue,C:\Users\engsa\Desktop\said_AI_proc\plastic\defected\45deg\blue\plastic_defected_45deg_blue_norm.png,C:\Users\engsa\Desktop\said_AI_proc\plastic\defected\45deg\blue\plastic_defected_45deg_blue_mask.png,102.71281461952725,23.01728333499551,10.696460254330814,7.450645296631134,2.38750876922969,42422.796875,7.430367570567521,0.0,0.8851892807904412
C:\Users\engsa\Desktop\said_AI_proc\plastic\defected\45deg\green\plastic_defected_45deg_green.bmp,plastic,defected,45,green,C:\Users\engsa\Desktop\said_AI_proc\plastic\defected\45deg\green\plastic_defected_45deg_green_norm.png,C:\Users\engsa\Desktop\said_AI_proc\plastic\defected\45deg\green\plastic_defected_45deg_green_mask.png,71.23126840060624,36.488024832951034,12.223144521798783,2.8424145280859623,2.21062840313725,52504.19921875,7.4294436769681145,0.0,4.579870685253268
C:\Users\engsa\Desktop\said_AI_proc\plastic\defected\45deg\white\plastic_defected_45deg_white.bmp,plastic,defected,45,white,C:\Users\engsa\Desktop\said_AI_proc\plastic\defected\45deg\white\plastic_defected_45deg_white_norm.png,C:\Users\engsa\Desktop\said_AI_proc\plastic\defected\45deg\white\plastic_defected_45deg_white_mask.png,132.73300268650547,35.209651441109,11.84529949279371,8.233084465675727,2.723606554373939,14501.921875,7.403547253035513,0.0,0.09651932061887256
C:\Users\engsa\Desktop\said_AI_proc\plastic\defected\45deg\red\plastic_defected_45deg_red.bmp,plastic,defected,45,red,C:\Users\engsa\Desktop\said_AI_proc\plastic\defected\45deg\red\plastic_defected_45deg_red_norm.png,C:\Users\engsa\Desktop\said_AI_proc\plastic\defected\45deg\red\plastic_defected_45deg_red_mask.png,95.20937840785169,10.209352248927894,6.092371044178762,13.951879414852941,1.865347790493366,37784.87109375,7.385444481180242,0.0,1.774188272314134
C:\Users\engsa\Desktop\said_AI_proc\plastic\undefected\45deg\blue\plastic_undefected_45deg_blue.bmp,plastic,undefected,45,blue,C:\Users\engsa\Desktop\said_AI_proc\plastic\undefected\45deg\blue\plastic_undefected_45deg_blue_norm.png,C:\Users\engsa\Desktop\said_AI_proc\plastic\undefected\45deg\blue\plastic_undefected_45deg_blue_mask.png,86.60738882917313,24.778418270669192,11.451217051783896,5.399336182250784,2.455631336917764,43840.28125,7.3695696975541365,0.0,1.0020536534926472
C:\Users\engsa\Desktop\said_AI_proc\plastic\undefected\45deg\green\plastic_undefected_45deg_green.bmp,plastic,undefected,45,green,C:\Users\engsa\Desktop\said_AI_proc\plastic\undefected\45deg\green\plastic_undefected_45deg_green_norm.png,C:\Users\engsa\Desktop\said_AI_proc\plastic\undefected\45deg\green\plastic_undefected_45deg_green_mask.png,72.21937368010502,33.88311309464446,11.667545273456756,3.2857177484174134,2.270268312441247,53411.8828125,7.375155419045128,0.0,2.096777024611928
C:\Users\engsa\Desktop\said_AI_proc\plastic\undefected\45deg\white\plastic_undefected_45deg_white.bmp,plastic,undefected,45,white,C:\Users\engsa\Desktop\said_AI_proc\plastic\undefected\45deg\white\plastic_undefected_45deg_white_norm.png,C:\Users\engsa\Desktop\said_AI_proc\plastic\undefected\45deg\white\plastic_undefected_45deg_white_mask.png,150.05123825789923,35.87906153385858,11.777119678322288,9.694405749666718,2.7878629966928927,14092.078125,7.359232076222429,0.0,0.28028301164215685
C:\Users\engsa\Desktop\said_AI_proc\plastic\undefected\45deg\red\plastic_undefected_45deg_red.bmp,plastic,undefected,45,red,C:\Users\engsa\Desktop\said_AI_proc\plastic\undefected\45deg\red\plastic_undefected_45deg_red_norm.png,C:\Users\engsa\Desktop\said_AI_proc\plastic\undefected\45deg\red\plastic_undefected_45deg_red_mask.png,91.97334826533157,13.18359678867059,7.220983567233094,10.91122154524599,1.9392960646379749,37733.96875,7.3334267034583105,0.0,4.238931493821487
C:\Users\engsa\Desktop\said_AI_proc\transparent\defected\45deg\blue\transparent_defected_45deg_blue.bmp,transparent,defected,45,blue,C:\Users\engsa\Desktop\said_AI_proc\transparent\defected\45deg\blue\transparent_defected_45deg_blue_norm.png,C:\Users\engsa\Desktop\said_AI_proc\transparent\defected\45deg\blue\transparent_defected_45deg_blue_mask.png,87.48362519969268,12.628440710082776,5.511175572446981,13.582435091316452,1.7776336254033152,58806.109375,7.275457129722571,0.00037000070210375816,6.542410258374183
C:\Users\engsa\Desktop\said_AI_proc\transparent\defected\45deg\green\transparent_defected_45deg_green.bmp,transparent,defected,45,green,C:\Users\engsa\Desktop\said_AI_proc\transparent\defected\45deg\green\transparent_defected_45deg_green_norm.png,C:\Users\engsa\Desktop\said_AI_proc\transparent\defected\45deg\green\transparent_defected_45deg_green_mask.png,72.76561521836925,19.869208138027325,7.755486050454148,6.8205147602895115,2.0321054326620716,41247.5625,6.950321326887974,0.0005229875153186274,6.34045569725286
C:\Users\engsa\Desktop\said_AI_proc\transparent\defected\45deg\white\transparent_defected_45deg_white.bmp,transparent,defected,45,white,C:\Users\engsa\Desktop\said_AI_proc\transparent\defected\45deg\white\transparent_defected_45deg_white_norm.png,C:\Users\engsa\Desktop\said_AI_proc\transparent\defected\45deg\white\transparent_defected_45deg_white_mask.png,83.47597709600039,27.798322030517603,9.225761164821387,6.035020208173871,2.3886056606364914,26604.18359375,7.011351207697688,0.0012061424504697712,3.716821608200572
C:\Users\engsa\Desktop\said_AI_proc\transparent\defected\45deg\red\transparent_defected_45deg_red.bmp,transparent,defected,45,red,C:\Users\engsa\Desktop\said_AI_proc\transparent\defected\45deg\red\transparent_defected_45deg_red_norm.png,C:\Users\engsa\Desktop\said_AI_proc\transparent\defected\45deg\red\transparent_defected_45deg_red_mask.png,55.348010043419755,3.872958013363917,1.5308394393866305,33.6253761862058,1.402221539432391,37958.19140625,6.551057727941546,5.0663168913398696e-05,4.31356991038603
C:\Users\engsa\Desktop\said_AI_proc\transparent\undefected\45deg\blue\transparent_undefected_45deg_blue.bmp,transparent,undefected,45,blue,C:\Users\engsa\Desktop\said_AI_proc\transparent\undefected\45deg\blue\transparent_undefected_45deg_blue_norm.png,C:\Users\engsa\Desktop\said_AI_proc\transparent\undefected\45deg\blue\transparent_undefected_45deg_blue_mask.png,87.42151612878862,10.976550812805426,4.98512209047005,15.334622488408336,1.7067733951530737,60236.2109375,7.2563542211447,0.00039453444138071896,7.922782149969362
C:\Users\engsa\Desktop\said_AI_proc\transparent\undefected\45deg\green\transparent_undefected_45deg_green.bmp,transparent,undefected,45,green,C:\Users\engsa\Desktop\said_AI_proc\transparent\undefected\45deg\green\transparent_undefected_45deg_green_norm.png,C:\Users\engsa\Desktop\said_AI_proc\transparent\undefected\45deg\green\transparent_undefected_45deg_green_mask.png,67.19867248165089,18.3662386556298,7.433448927255344,6.569283559206683,2.0653073366633286,37958.05859375,6.882435548370394,0.00038715437346813723,4.687839084201388
C:\Users\engsa\Desktop\said_AI_proc\transparent\undefected\45deg\white\transparent_undefected_45deg_white.bmp,transparent,undefected,45,white,C:\Users\engsa\Desktop\said_AI_proc\transparent\undefected\45deg\white\transparent_undefected_45deg_white_norm.png,C:\Users\engsa\Desktop\said_AI_proc\transparent\undefected\45deg\white\transparent_undefected_45deg_white_mask.png,75.68232315534556,25.346117981450085,8.847789625654604,5.689127714784623,2.382752282491457,27595.34375,7.013184003539284,0.0013082666334763072,2.3555980009191178
C:\Users\engsa\Desktop\said_AI_proc\transparent\undefected\45deg\red\transparent_undefected_45deg_red.bmp,transparent,undefected,45,red,C:\Users\engsa\Desktop\said_AI_proc\transparent\undefected\45deg\red\transparent_undefected_45deg_red_norm.png,C:\Users\engsa\Desktop\said_AI_proc\transparent\undefected\45deg\red\transparent_undefected_45deg_red_mask.png,54.219514321011985,3.2159793557395036,0.6321475479366234,80.68295943210063,1.3153091635716023,37724.61328125,6.398906731591767,5.8442159415849676e-05,5.263344758476308
C:\Users\engsa\Desktop\said_AI_proc\metal\defected\70deg\blue\metal_defected_70deg_blue.bmp,metal,defected,70,blue,C:\Users\engsa\Desktop\said_AI_proc\metal\defected\70deg\blue\metal_defected_70deg_blue_norm.png,C:\Users\engsa\Desktop\said_AI_proc\metal\defected\70deg\blue\metal_defected_70deg_blue_mask.png,92.05392048713763,14.548865562979953,7.358339403756091,10.532954607203216,2.083670087896952,55161.7265625,7.263594454169664,5.784377553104575e-06,3.6163130616830066
C:\Users\engsa\Desktop\said_AI_proc\metal\defected\70deg\green\metal_defected_70deg_green.bmp,metal,defected,70,green,C:\Users\engsa\Desktop\said_AI_proc\metal\defected\70deg\green\metal_defected_70deg_green_norm.png,C:\Users\engsa\Desktop\said_AI_proc\metal\defected\70deg\green\metal_defected_70deg_green_mask.png,82.44497679411487,22.432013563378877,8.885649806228155,6.753919470095652,2.2543340799781038,38043.37109375,6.919599470104359,8.377374387254903e-06,5.054030075571895
C:\Users\engsa\Desktop\said_AI_proc\metal\defected\70deg\white\metal_defected_70deg_white.bmp,metal,defected,70,white,C:\Users\engsa\Desktop\said_AI_proc\metal\defected\70deg\white\metal_defected_70deg_white_norm.png,C:\Users\engsa\Desktop\said_AI_proc\metal\defected\70deg\white\metal_defected_70deg_white_mask.png,89.08906139387283,29.735915528074198,13.338028919234256,4.44991881673069,2.685822159230845,22671.982421875,7.010743264013786,5.4452933517156866e-05,4.085465973498774
C:\Users\engsa\Desktop\said_AI_proc\metal\defected\70deg\red\metal_defected_70deg_red.bmp,metal,defected,70,red,C:\Users\engsa\Desktop\said_AI_proc\metal\defected\70deg\red\metal_defected_70deg_red_norm.png,C:\Users\engsa\Desktop\said_AI_proc\metal\defected\70deg\red\metal_defected_70deg_red_mask.png,68.61056024450866,6.894258003390845,4.313210026474116,14.308670772419708,1.6396735455041223,47720.96875,6.949123228298609,0.0,2.2710862502553106
C:\Users\engsa\Desktop\said_AI_proc\metal\undefected\70deg\blue\metal_undefected_70deg_blue.bmp,metal,undefected,70,blue,C:\Users\engsa\Desktop\said_AI_proc\metal\undefected\70deg\blue\metal_undefected_70deg_blue_norm.png,C:\Users\engsa\Desktop\said_AI_proc\metal\undefected\70deg\blue\metal_undefected_70deg_blue_mask.png,94.38952164595163,16.738373890495662,8.692025709184243,8.933607694395972,2.09167507148483,55008.6796875,7.266313383609483,7.180606617647059e-06,7.752801234426062
C:\Users\engsa\Desktop\said_AI_proc\metal\undefected\70deg\green\metal_undefected_70deg_green.bmp,metal,undefected,70,green,C:\Users\engsa\Desktop\said_AI_proc\metal\undefected\70deg\green\metal_undefected_70deg_green_norm.png,C:\Users\engsa\Desktop\said_AI_proc\metal\undefected\70deg\green\metal_undefected_70deg_green_mask.png,81.5106162563798,21.368564874837936,9.142738433668296,6.578122278995504,2.2751613511635767,36867.44921875,6.911451603267551,1.1169832516339869e-05,4.466915753931781
C:\Users\engsa\Desktop\said_AI_proc\metal\undefected\70deg\white\metal_undefected_70deg_white.bmp,metal,undefected,70,white,C:\Users\engsa\Desktop\said_AI_proc\metal\undefected\70deg\white\metal_undefected_70deg_white_norm.png,C:\Users\engsa\Desktop\said_AI_proc\metal\undefected\70deg\white\metal_undefected_70deg_white_mask.png,90.31042412536482,30.070721551810113,13.04123778534567,4.619170631275933,2.7272426260767357,21761.796875,7.009148126582331,9.833441840277778e-05,3.7383235357945264
C:\Users\engsa\Desktop\said_AI_proc\metal\undefected\70deg\red\metal_undefected_70deg_red.bmp,metal,undefected,70,red,C:\Users\engsa\Desktop\said_AI_proc\metal\undefected\70deg\red\metal_undefected_70deg_red_norm.png,C:\Users\engsa\Desktop\said_AI_proc\metal\undefected\70deg\red\metal_undefected_70deg_red_mask.png,86.5202542532883,6.055961404208636,3.8208174546094757,21.05944442648174,1.6261874658696356,48624.578125,7.0052319716499785,0.0,0.9508120468239379
C:\Users\engsa\Desktop\said_AI_proc\plastic\defected\70deg\blue\plastic_defected_70deg_blue.bmp,plastic,defected,70,blue,C:\Users\engsa\Desktop\said_AI_proc\plastic\defected\70deg\blue\plastic_defected_70deg_blue_norm.png,C:\Users\engsa\Desktop\said_AI_proc\plastic\defected\70deg\blue\plastic_defected_70deg_blue_mask.png,108.38138588172139,33.438072205046375,14.824347679625943,5.05542066985345,2.756209464877481,40895.62109375,7.404750385729181,0.0,0.8917515573937909
C:\Users\engsa\Desktop\said_AI_proc\plastic\defected\70deg\green\plastic_defected_70deg_green.bmp,plastic,defected,70,green,C:\Users\engsa\Desktop\said_AI_proc\plastic\defected\70deg\green\plastic_defected_70deg_green_norm.png,C:\Users\engsa\Desktop\said_AI_proc\plastic\defected\70deg\green\plastic_defected_70deg_green_mask.png,79.82206278646613,38.196920813802734,12.995233339622045,3.2031084694531566,2.3803060550359887,59711.05859375,7.547289841765211,0.0,1.7320022084354576
C:\Users\engsa\Desktop\said_AI_proc\plastic\defected\70deg\white\plastic_defected_70deg_white.bmp,plastic,defected,70,white,C:\Users\engsa\Desktop\said_AI_proc\plastic\defected\70deg\white\plastic_defected_70deg_white_norm.png,C:\Users\engsa\Desktop\said_AI_proc\plastic\defected\70deg\white\plastic_defected_70deg_white_mask.png,146.87272727272727,43.75657225491174,14.247936270958352,7.237269528499912,2.9323556477217716,11367.8193359375,7.432890681041716,0.0,0.2665800206801471
C:\Users\engsa\Desktop\said_AI_proc\plastic\defected\70deg\red\plastic_defected_70deg_red.bmp,plastic,defected,70,red,C:\Users\engsa\Desktop\said_AI_proc\plastic\defected\70deg\red\plastic_defected_70deg_red_norm.png,C:\Users\engsa\Desktop\said_AI_proc\plastic\defected\70deg\red\plastic_defected_70deg_red_mask.png,120.14465005496518,20.165488181908845,8.816537592146243,11.339957531868022,2.389626122845635,32700.36328125,7.378833617452145,0.0,0.21773194955065361
C:\Users\engsa\Desktop\said_AI_proc\plastic\undefected\70deg\blue\plastic_undefected_70deg_blue.bmp,plastic,undefected,70,blue,C:\Users\engsa\Desktop\said_AI_proc\plastic\undefected\70deg\blue\plastic_undefected_70deg_blue_norm.png,C:\Users\engsa\Desktop\said_AI_proc\plastic\undefected\70deg\blue\plastic_undefected_70deg_blue_mask.png,104.48737505055757,33.211743293108604,14.665962446958114,4.859935514987789,2.7548365803748394,40965.91015625,7.3901813045539475,0.0,0.6904153262867647
C:\Users\engsa\Desktop\said_AI_proc\plastic\undefected\70deg\green\plastic_undefected_70deg_green.bmp,plastic,undefected,70,green,C:\Users\engsa\Desktop\said_AI_proc\plastic\undefected\70deg\green\plastic_undefected_70deg_green_norm.png,C:\Users\engsa\Desktop\said_AI_proc\plastic\undefected\70deg\green\plastic_undefected_70deg_green_mask.png,74.59999318150825,35.65063079684851,12.166756478222943,3.2012938250530865,2.3573658590440103,59907.0390625,7.527566522848474,0.0,0.5850598703022876
C:\Users\engsa\Desktop\said_AI_proc\plastic\undefected\70deg\white\plastic_undefected_70deg_white.bmp,plastic,undefected,70,white,C:\Users\engsa\Desktop\said_AI_proc\plastic\undefected\70deg\white\plastic_undefected_70deg_white_norm.png,C:\Users\engsa\Desktop\said_AI_proc\plastic\undefected\70deg\white\plastic_undefected_70deg_white_mask.png,120.23313384113166,43.96298743392839,14.177275900568747,5.3797462179700934,2.9172477144854096,11877.6923828125,7.439434799948967,0.0,0.14664394403594772
C:\Users\engsa\Desktop\said_AI_proc\plastic\undefected\70deg\red\plastic_undefected_70deg_red.bmp,plastic,undefected,70,red,C:\Users\engsa\Desktop\said_AI_proc\plastic\undefected\70deg\red\plastic_undefected_70deg_red_norm.png,C:\Users\engsa\Desktop\said_AI_proc\plastic\undefected\70deg\red\plastic_undefected_70deg_red_mask.png,119.4033108820904,18.383125560985338,8.464656365414582,11.934351609813671,2.302066732898428,33608.859375,7.391304966389244,0.0,0.491592307495915
C:\Users\engsa\Desktop\said_AI_proc\transparent\defected\70deg\blue\transparent_defected_70deg_blue.bmp,transparent,defected,70,blue,C:\Users\engsa\Desktop\said_AI_proc\transparent\defected\70deg\blue\transparent_defected_70deg_blue_norm.png,C:\Users\engsa\Desktop\said_AI_proc\transparent\defected\70deg\blue\transparent_defected_70deg_blue_mask.png,103.43857213480499,17.18823925401416,7.688378740587928,11.21827316147478,2.0299331092642228,59275.23046875,7.308272286086916,0.0006135429432189542,7.78698890037786
C:\Users\engsa\Desktop\said_AI_proc\transparent\defected\70deg\green\transparent_defected_70deg_green.bmp,transparent,defected,70,green,C:\Users\engsa\Desktop\said_AI_proc\transparent\defected\70deg\green\transparent_defected_70deg_green_norm.png,C:\Users\engsa\Desktop\said_AI_proc\transparent\defected\70deg\green\transparent_defected_70deg_green_mask.png,83.84176976779227,22.43326518400319,8.117901119108474,7.564579031301763,2.234274142252926,33771.140625,6.855748568558029,0.0008271659900939542,4.765609043096405
C:\Users\engsa\Desktop\said_AI_proc\transparent\defected\70deg\white\transparent_defected_70deg_white.bmp,transparent,defected,70,white,C:\Users\engsa\Desktop\said_AI_proc\transparent\defected\70deg\white\transparent_defected_70deg_white_norm.png,C:\Users\engsa\Desktop\said_AI_proc\transparent\defected\70deg\white\transparent_defected_70deg_white_mask.png,116.6754368022079,32.23330258302583,9.820439890171816,8.598610160395237,2.6087780420078204,24568.005859375,7.011615073465302,0.0020618314057393792,6.533374661713644
C:\Users\engsa\Desktop\said_AI_proc\transparent\defected\70deg\red\transparent_defected_70deg_red.bmp,transparent,defected,70,red,C:\Users\engsa\Desktop\said_AI_proc\transparent\defected\70deg\red\transparent_defected_70deg_red_norm.png,C:\Users\engsa\Desktop\said_AI_proc\transparent\defected\70deg\red\transparent_defected_70deg_red_mask.png,58.66978144513827,9.56103769821482,5.388655009617963,9.1133582794355,1.6299791266283241,46965.08984375,6.975528873150656,0.00020943435968137254,2.6831533394607843
C:\Users\engsa\Desktop\said_AI_proc\transparent\undefected\70deg\blue\transparent_undefected_70deg_blue.bmp,transparent,undefected,70,blue,C:\Users\engsa\Desktop\said_AI_proc\transparent\undefected\70deg\blue\transparent_undefected_70deg_blue_norm.png,C:\Users\engsa\Desktop\said_AI_proc\transparent\undefected\70deg\blue\transparent_undefected_70deg_blue_mask.png,101.88869088173351,19.463750373990226,9.006852627429714,9.151358850562751,2.0942078555935355,57867.23046875,7.2832693257945245,0.0006229176240808823,8.987745895884396
C:\Users\engsa\Desktop\said_AI_proc\transparent\undefected\70deg\green\transparent_undefected_70deg_green.bmp,transparent,undefected,70,green,C:\Users\engsa\Desktop\said_AI_proc\transparent\undefected\70deg\green\transparent_undefected_70deg_green_norm.png,C:\Users\engsa\Desktop\said_AI_proc\transparent\undefected\70deg\green\transparent_undefected_70deg_green_mask.png,80.83829850377148,22.527256407699213,8.10552874109464,7.193983755857666,2.2422861351335497,36737.32421875,6.882830714159146,0.0008064220154207516,4.032608730341095
C:\Users\engsa\Desktop\said_AI_proc\transparent\undefected\70deg\white\transparent_undefected_70deg_white.bmp,transparent,undefected,70,white,C:\Users\engsa\Desktop\said_AI_proc\transparent\undefected\70deg\white\transparent_undefected_70deg_white_norm.png,C:\Users\engsa\Desktop\said_AI_proc\transparent\undefected\70deg\white\transparent_undefected_70deg_white_mask.png,103.93344427384005,31.66667248429241,9.607441769113525,7.52195782459743,2.6703089522391075,24051.9453125,6.986451950412188,0.001790564044628268,2.3252998302185457
C:\Users\engsa\Desktop\said_AI_proc\transparent\undefected\70deg\red\transparent_undefected_70deg_red.bmp,transparent,undefected,70,red,C:\Users\engsa\Desktop\said_AI_proc\transparent\undefected\70deg\red\transparent_undefected_70deg_red_norm.png,C:\Users\engsa\Desktop\said_AI_proc\transparent\undefected\70deg\red\transparent_undefected_70deg_red_mask.png,56.9092746526987,8.46262840331106,4.791668535800366,10.110600490710999,1.6494416658655173,47677.6875,6.98746605911692,0.00016874425551470588,0.7006676368464052
